Model,Accuracy,Recall,Precision,AUC,F1
Random Forest Classifier,0.7455357142857143,0.5114521006240752,0.6365753020925435,0.8220171132191053,0.5334550538770926
Support Vector Machine,0.7008928571428571,0.3333333333333333,0.23363095238095236,0.6567321748336509,0.2747156605424322
Gradient Boosting Classifier,0.7566964285714286,0.542998992043578,0.650178122473637,0.7996111507841936,0.5627060383157945
